{
  "total": 24,
  "json_valid_rate": 0.9583333333333334,
  "tool_in_set_rate": 0.9583333333333334,
  "tool_accuracy": 0.7916666666666666
}